{"n":62,"init_aci":2.882246343733846,"FJ_ad":0.03129265388323147,"init_ap":0.4469130143299418,"s_dist":"Uniform","FJ_aci":0.08308512332264278,"name":"Dolphin","FJ_upp_aidc":0.8254813644257993,"init_ad":0.8186094615455877,"k":1,"FJ_z_sum":0.1,"FJ_ap":0.03757932289227146,"FJ_upp_ap":0.2072681477228157,"FJ_upp_ad":0.20637034110645022,"FJ_aidc":0.15576186843661713,"m":159,"k_par":"0.005","FJ_upp_aci":0.7163722382862319,"init_z_sum":26.885866414945397,"init_aidc":12.924390552191333}
{"n":4991,"init_aci":144.06356307211297,"FJ_ad":0.7140983471307043,"init_ap":92.36570001794684,"s_dist":"Uniform","FJ_aci":2.3913072868453105,"name":"Erdos992","FJ_upp_aidc":41.21506883621422,"init_ad":92.22770251378603,"k":25,"FJ_z_sum":2.5,"FJ_ap":1.1646900789696866,"FJ_upp_ap":5.2422079445529155,"FJ_upp_ad":10.30376720905369,"FJ_aidc":4.105083963266772,"m":7428,"k_par":"0.005","FJ_upp_aci":39.93281979949071,"init_z_sum":2504.9841589107223,"init_aidc":1441.84557095462}
{"n":4158,"init_aci":191.6642220561511,"FJ_ad":0.5569525189076234,"init_ap":45.454025749862524,"s_dist":"Uniform","FJ_aci":2.1663077362600425,"name":"GrQc","FJ_upp_aidc":34.20134786547727,"init_ad":55.061261923122856,"k":21,"FJ_z_sum":2.1,"FJ_ap":1.0757369878254304,"FJ_upp_ap":4.395921119812218,"FJ_upp_ad":8.550336966369384,"FJ_aidc":3.466149683740537,"m":13422,"k_par":"0.005","FJ_upp_aci":33.38389097928245,"init_z_sum":2067.71876783917,"init_aidc":1128.764677051711}
{"n":379,"init_aci":17.500329538077352,"FJ_ad":0.04831658005507021,"init_ap":3.2611857374552846,"s_dist":"Uniform","FJ_aci":0.1881319834079721,"name":"Netscience","FJ_upp_aidc":3.1931674849119718,"init_ad":4.61306346792032,"k":2,"FJ_z_sum":0.2,"FJ_ap":0.10119289308669058,"FJ_upp_ap":0.4194054417763713,"FJ_upp_ad":0.798291871227994,"FJ_aidc":0.32484923516165587,"m":914,"k_par":"0.005","FJ_upp_aci":3.01847297349741,"init_z_sum":190.62143976494545,"init_aidc":103.74900594916954}
{"n":962,"init_aci":69.17890612901552,"FJ_ad":0.12229285509546603,"init_ap":1.3693624961093531,"s_dist":"Uniform","FJ_aci":0.5346772536264288,"name":"Reed98","FJ_upp_aidc":7.980162667476958,"init_ad":4.343165956467693,"k":5,"FJ_z_sum":0.5,"FJ_ap":0.13593957463594672,"FJ_upp_ap":1.0200842035070683,"FJ_upp_ad":1.9950406668692446,"FJ_aidc":0.7283959942893775,"m":18812,"k_par":"0.005","FJ_upp_aci":7.929593672152414,"init_z_sum":475.67331145436856,"init_aidc":240.91533445173698}
{"n":2672,"init_aci":204.81378221604294,"FJ_ad":0.3605747843163998,"init_ap":3.4810715572231805,"s_dist":"Uniform","FJ_aci":1.5194292403310803,"name":"USFCA72","FJ_upp_aidc":22.877712591036378,"init_ad":11.9637344549004,"k":14,"FJ_z_sum":1.4000000000000001,"FJ_ap":0.38290814837514625,"FJ_upp_ap":2.873600166533553,"FJ_upp_ad":5.719428147759154,"FJ_aidc":2.0635391739828224,"m":65244,"k_par":"0.005","FJ_upp_aci":22.765477664950254,"init_z_sum":1358.803698304783,"init_aidc":706.4431209880335}
