{"max_influence_z_std":0.001045659194702203,"high_degree_ad":-5.227071879666163e-5,"max_influence_ad_std":0.005972989165503975,"max_influence_ad":0.003880120731024392,"high_degree_aci":-0.001483144990383838,"model":"WC","high_degree_aci_std":0.0025043740338510684,"random_ap_std":0.0025590014039850325,"random_time":0.006594713528951009,"random_aci":1.6320548650149428e-5,"max_influence_aidc":-0.04869041405316242,"s_dist":"Uniform","max_influence_aidc_std":0.0017309240635371868,"random_z_sum":-0.0027392130375230527,"name":"Netscience","random_aci_std":0.00031876663076328503,"max_influence_ap":0.028601456758235517,"random_ad":5.5273638597682585e-5,"high_degree_time":5.888938903808594e-5,"max_influence_ap_std":0.06887370021012484,"random_aidc_std":0.0002166743975824476,"max_influence_z_sum":-0.027550071027684347,"random_ad_std":0.00042720004307585655,"high_degree_ap_std":0.0632731624948079,"high_degree_aidc_std":0.0031365310991109453,"high_degree_aidc":-0.036013145002170004,"high_degree_ad_std":0.004675498555908674,"random_ap":-0.0004292374382630757,"k":2,"max_influence_time":0.8037128448486328,"random_aidc":-0.005002495445790735,"m":914,"k_par":"0.005","high_degree_ap":0.01864203365655081,"random_z_std":9.829772471807318e-5,"max_influence_aci":-0.0010519958844723508,"max_influence_aci_std":0.005952388760725048,"high_degree_z_std":0.00044296752743285765,"high_degree_z_sum":-0.020429134748960937,"n":379}
{"max_influence_z_std":0.00030622239136589996,"high_degree_ad":-0.016129582081101976,"max_influence_ad_std":0.0007547357585694731,"max_influence_ad":-0.016339612739702664,"high_degree_aci":-0.01640084934335714,"model":"WC","high_degree_aci_std":0.0008865056939469248,"random_ap_std":5.393998415658473e-5,"random_time":0.25071525322763544,"random_aci":3.4283793738383705e-5,"max_influence_aidc":-0.20580300134418,"s_dist":"Uniform","max_influence_aidc_std":0.0002695894297401897,"random_z_sum":-0.002475085732375205,"name":"Anybeat","random_aci_std":7.851758313193069e-5,"max_influence_ap":-0.00773619134081484,"random_ad":1.9892768025462586e-5,"high_degree_time":0.0016608238220214844,"max_influence_ap_std":0.0029997708916738555,"random_aidc_std":1.1600848663497393e-5,"max_influence_z_sum":-0.12175909062789281,"random_ad_std":5.77376232185477e-5,"high_degree_ap_std":0.004636196449305451,"high_degree_aidc_std":0.0003305135982441972,"high_degree_aidc":-0.20042440160831415,"high_degree_ad_std":0.0015956449758528625,"random_ap":1.1247623524127052e-5,"k":64,"max_influence_time":15.255697011947632,"random_aidc":-0.004419240003271929,"m":49132,"k_par":"0.005","high_degree_ap":-0.0050914673197998755,"random_z_std":1.0552423859280019e-5,"max_influence_aci":-0.015248161088350162,"max_influence_aci_std":0.0007948925573463715,"high_degree_z_std":0.0003452719907500364,"high_degree_z_sum":-0.11842701658091952,"n":12645}
{"max_influence_z_std":0.0003330394258696128,"high_degree_ad":-0.0004993285555740426,"max_influence_ad_std":0.0015648872356165495,"max_influence_ad":-0.00241854257607229,"high_degree_aci":-0.004481089391272325,"model":"WC","high_degree_aci_std":0.000867715500270068,"random_ap_std":0.00034330525737104523,"random_time":0.06961657002914784,"random_aci":2.9823263699032888e-5,"max_influence_aidc":-0.08996313691392854,"s_dist":"Uniform","max_influence_aidc_std":0.00036775243154627023,"random_z_sum":-0.0027338173985361667,"name":"Erdos992","random_aci_std":0.00013698165863715309,"max_influence_ap":0.012643781489361317,"random_ad":-6.063036876440143e-6,"high_degree_time":0.00044083595275878906,"max_influence_ap_std":0.0083369958672312,"random_aidc_std":2.094946788603986e-5,"max_influence_z_sum":-0.05348393097242075,"random_ad_std":0.00017650432393926833,"high_degree_ap_std":0.008103995531023563,"high_degree_aidc_std":0.0008110290221792878,"high_degree_aidc":-0.07323788492091929,"high_degree_ad_std":0.002263676909378019,"random_ap":-1.429883539389643e-5,"k":25,"max_influence_time":4.451470851898193,"random_aidc":-0.004771195531414219,"m":7428,"k_par":"0.005","high_degree_ap":0.014576831976477014,"random_z_std":1.3686012858627524e-5,"max_influence_aci":-0.005633491798935634,"max_influence_aci_std":0.0016458796502037281,"high_degree_z_std":0.00024717175891146717,"high_degree_z_sum":-0.043333406960783916,"n":4991}
{"max_influence_z_std":0.0001788202767638475,"high_degree_ad":0.00046722936240957424,"max_influence_ad_std":0.0024738951147916513,"max_influence_ad":0.0027803601967165193,"high_degree_aci":1.8651297956123832e-5,"model":"WC","high_degree_aci_std":0.0007873835818708677,"random_ap_std":0.00019086103484760943,"random_time":0.07154701153437297,"random_aci":-4.908396354858717e-5,"max_influence_aidc":-0.03869091888041974,"s_dist":"Uniform","max_influence_aidc_std":0.0006535661856469592,"random_z_sum":-0.002586494696223203,"name":"GrQc","random_aci_std":7.871706301832608e-5,"max_influence_ap":0.014914284051698149,"random_ad":-2.8484017673155095e-5,"high_degree_time":0.0005681514739990234,"max_influence_ap_std":0.009680321622109894,"random_aidc_std":3.7148957233935635e-5,"max_influence_z_sum":-0.021863191188167607,"random_ad_std":0.00014429784410720172,"high_degree_ap_std":0.0027946355232119227,"high_degree_aidc_std":0.0002539235377619047,"high_degree_aidc":-0.015857499031122733,"high_degree_ad_std":0.0007516266118332575,"random_ap":-9.791198635607046e-5,"k":21,"max_influence_time":10.678133964538574,"random_aidc":-0.004716835258854199,"m":13422,"k_par":"0.005","high_degree_ap":0.0013890825855175507,"random_z_std":1.8185699433744927e-5,"max_influence_aci":-0.0014055657410686517,"max_influence_aci_std":0.0007614306847570241,"high_degree_z_std":0.00010253870783623974,"high_degree_z_sum":-0.008773903731322492,"n":4158}
{"max_influence_z_std":0.0008642852097435149,"high_degree_ad":-0.05175691294546706,"max_influence_ad_std":0.0027852734356701883,"max_influence_ad":-0.05236908729340889,"high_degree_aci":-0.05122888889850644,"model":"WC","high_degree_aci_std":0.0040850998019714545,"random_ap_std":0.0005290706236862349,"random_time":0.0546510249376297,"random_aci":-4.716168289320306e-5,"max_influence_aidc":-0.3021062695204457,"s_dist":"Uniform","max_influence_aidc_std":0.0013868624741463912,"random_z_sum":-0.004482781533250978,"name":"NipsEgo","random_aci_std":0.00011216260916843316,"max_influence_ap":-0.0527751101710683,"random_ad":-4.6500608120550625e-5,"high_degree_time":0.00019097328186035156,"max_influence_ap_std":0.003249759432271324,"random_aidc_std":2.77005324720296e-5,"max_influence_z_sum":-0.1897463424537642,"random_ad_std":0.0001229994143948283,"high_degree_ap_std":0.003401338190258906,"high_degree_aidc_std":0.0017013881361942478,"high_degree_aidc":-0.3008198046084815,"high_degree_ad_std":0.003059149589853614,"random_ap":-4.648740215521956e-5,"k":15,"max_influence_time":0.9868359565734863,"random_aidc":-0.0076862868091971594,"m":2981,"k_par":"0.005","high_degree_ap":-0.05222808640576669,"random_z_std":2.8602723255486915e-5,"max_influence_aci":-0.05112002540503123,"max_influence_aci_std":0.003007590906222617,"high_degree_z_std":0.001418967291914982,"high_degree_z_sum":-0.18899642584226606,"n":2888}
