{"max_influence_z_std":0.0006466649089367118,"high_degree_ad":-0.01736654190372496,"max_influence_ad_std":0.0025595153064395778,"max_influence_ad":-0.018335777240878932,"high_degree_aci":-0.01620432354645688,"model":"WC","high_degree_aci_std":0.00168318335799302,"random_ap_std":9.463393242147465e-5,"random_time":0.35019684339824475,"random_aci":-3.0087036498636282e-5,"max_influence_aidc":0.22772607442116594,"s_dist":"Uniform","max_influence_aidc_std":0.0013313823861838144,"random_z_sum":0.0027771582313649485,"name":"Anybeat","random_aci_std":5.4167220729185416e-5,"max_influence_ap":-0.008373341613880262,"random_ad":-2.406498588106592e-5,"high_degree_time":0.002398967742919922,"max_influence_ap_std":0.002499518148497575,"random_aidc_std":3.061651514544898e-5,"max_influence_z_sum":0.12082794999698805,"random_ad_std":5.117838747140879e-5,"high_degree_ap_std":0.004048974149122703,"high_degree_aidc_std":0.0014933763977166676,"high_degree_aidc":0.22354077874166262,"high_degree_ad_std":0.0021157439639974294,"random_ap":-1.702031595590454e-5,"k":64,"max_influence_time":25.555397033691406,"random_aidc":0.004964743512533666,"m":49132,"k_par":"0.005","high_degree_ap":-0.007759360595930786,"random_z_std":1.799432310309903e-5,"max_influence_aci":-0.016554648578651625,"max_influence_aci_std":0.0017437628091660179,"high_degree_z_std":0.0007647855544828933,"high_degree_z_sum":0.11869635283872389,"n":12645}
{"max_influence_z_std":0.0006005839838040925,"high_degree_ad":2.334880926488994e-5,"max_influence_ad_std":0.0016497718283862257,"max_influence_ad":-0.0014240499884748303,"high_degree_aci":-0.0045222374357063565,"model":"WC","high_degree_aci_std":0.0009463560940135238,"random_ap_std":9.090815722917963e-5,"random_time":0.09940215044243392,"random_aci":2.4399504018595887e-5,"max_influence_aidc":0.09656596193000817,"s_dist":"Uniform","max_influence_aidc_std":0.0013357379274965711,"random_z_sum":0.002872403907069407,"name":"Erdos992","random_aci_std":5.031751245267992e-5,"max_influence_ap":0.019451950495648393,"random_ad":4.539280143196142e-5,"high_degree_time":0.0006551742553710938,"max_influence_ap_std":0.0055433205552215935,"random_aidc_std":3.052145544385584e-5,"max_influence_z_sum":0.05315348091704895,"random_ad_std":5.781292955636138e-5,"high_degree_ap_std":0.006637445204761873,"high_degree_aidc_std":0.0010596784697088591,"high_degree_aidc":0.07883227566128934,"high_degree_ad_std":0.002594303968198822,"random_ap":0.00013294532657679993,"k":25,"max_influence_time":6.500117063522339,"random_aidc":0.005035480794810842,"m":7428,"k_par":"0.005","high_degree_ap":0.014416199269326208,"random_z_std":2.627310139036086e-5,"max_influence_aci":-0.00507326618735898,"max_influence_aci_std":0.0015758812999358614,"high_degree_z_std":0.0004257765181416168,"high_degree_z_sum":0.04373050373889104,"n":4991}
{"max_influence_z_std":0.00020972572886267666,"high_degree_ad":0.0008126872820682186,"max_influence_ad_std":0.001405938357281818,"max_influence_ad":0.0033695091854985667,"high_degree_aci":-0.001182480143283125,"model":"WC","high_degree_aci_std":0.0007590576653132354,"random_ap_std":0.0003325976987669049,"random_time":0.09519750163668678,"random_aci":1.3913161095430692e-5,"max_influence_aidc":0.04109267486081185,"s_dist":"Uniform","max_influence_aidc_std":0.0004856656778398514,"random_z_sum":0.0025046441118731473,"name":"GrQc","random_aci_std":6.111025357550187e-5,"max_influence_ap":0.014031578657631844,"random_ad":2.2090845471544196e-5,"high_degree_time":0.0008008480072021484,"max_influence_ap_std":0.005855590135008194,"random_aidc_std":2.868279528262473e-5,"max_influence_z_sum":0.02191109688435128,"random_ad_std":7.014228465160748e-5,"high_degree_ap_std":0.002584495305722377,"high_degree_aidc_std":0.0002369266331635354,"high_degree_aidc":0.01613526088070823,"high_degree_ad_std":0.001716249682553998,"random_ap":6.457319884699266e-5,"k":21,"max_influence_time":15.48462986946106,"random_aidc":0.004572225532326836,"m":13422,"k_par":"0.005","high_degree_ap":0.003368451719177712,"random_z_std":2.021114106151459e-5,"max_influence_aci":-0.00018286794451113773,"max_influence_aci_std":0.0012663750249746614,"high_degree_z_std":0.00011306857523059198,"high_degree_z_sum":0.008707254192724704,"n":4158}
{"max_influence_z_std":0.001226613431275194,"high_degree_ad":0.0059795832031612345,"max_influence_ad_std":0.00805589485515284,"max_influence_ad":-0.00415966193749028,"high_degree_aci":0.0005293081991048281,"model":"WC","high_degree_aci_std":0.0014740222182690315,"random_ap_std":0.0013316902760891999,"random_time":0.01022715171178182,"random_aci":-0.00017596225075996547,"max_influence_aidc":0.05394535397252457,"s_dist":"Uniform","max_influence_aidc_std":0.002196440351779349,"random_z_sum":0.002896077421298148,"name":"Netscience","random_aci_std":0.0004444160291008056,"max_influence_ap":0.023203032033570915,"random_ad":-0.0002724301386625533,"high_degree_time":8.0108642578125e-5,"max_influence_ap_std":0.03938824162478755,"random_aidc_std":0.0002498542038069609,"max_influence_z_sum":0.028847831650867507,"random_ad_std":0.00045945717390141955,"high_degree_ap_std":0.029176555509477915,"high_degree_aidc_std":0.0023703493715146813,"high_degree_aidc":0.041246732659376,"high_degree_ad_std":0.004026986183182314,"random_ap":-0.0003948210820642442,"k":2,"max_influence_time":1.100390911102295,"random_aidc":0.005279730816580737,"m":914,"k_par":"0.005","high_degree_ap":0.04190268802397801,"random_z_std":0.00010684864077485493,"max_influence_aci":-0.003662893115878442,"max_influence_aci_std":0.003381915417731938,"high_degree_z_std":0.0008086160904502161,"high_degree_z_sum":0.021295051670861487,"n":379}
{"max_influence_z_std":0.0016716951024490195,"high_degree_ad":-0.05073849290629615,"max_influence_ad_std":0.002511217230918756,"max_influence_ad":-0.05217898161731506,"high_degree_aci":-0.04966859921549016,"model":"WC","high_degree_aci_std":0.0021117108521878656,"random_ap_std":0.0002225049759998966,"random_time":0.043478924036026004,"random_aci":-9.90267961331919e-6,"max_influence_aidc":0.34818769356786705,"s_dist":"Uniform","max_influence_aidc_std":0.003913301719947053,"random_z_sum":0.0027433391268358075,"name":"NipsEgo","random_aci_std":8.082428041490341e-5,"max_influence_ap":-0.05245614454861637,"random_ad":-3.5766280727478953e-6,"high_degree_time":0.00028586387634277344,"max_influence_ap_std":0.002371163479676722,"random_aidc_std":3.736932957996007e-5,"max_influence_z_sum":0.1896786856024045,"random_ad_std":8.594073983394391e-5,"high_degree_ap_std":0.0020113528622503554,"high_degree_aidc_std":0.00312186912531659,"high_degree_aidc":0.34826870091789314,"high_degree_ad_std":0.0020676019193363255,"random_ap":9.432464433550076e-7,"k":15,"max_influence_time":1.3802227973937988,"random_aidc":0.004724855686401011,"m":2981,"k_par":"0.005","high_degree_ap":-0.0511372674544209,"random_z_std":2.7752666402546987e-5,"max_influence_aci":-0.05145411612657648,"max_influence_aci_std":0.002759100388486242,"high_degree_z_std":0.0014617496666470687,"high_degree_z_sum":0.18889305892471153,"n":2888}
