{"init_ad":0.818609463451177,"max_ad_z_sum":27.096774554634386,"max_ap_time":0.004373073577880859,"max_z_aidc":13.733524602245952,"max_ap_z_sum":27.43126725501095,"max_aidc_aidc":13.788607471533368,"max_aidc_time":0.020406007766723633,"max_aidc_ap":0.46530428667711216,"init_aci":2.882245214467372,"max_ad_ad":0.8344062583880414,"s_dist":"Uniform","max_ad_aci":2.931341195718122,"name":"Dolphin","max_aidc_r_size":3596,"max_ad_ap":0.45385094603183085,"k":1,"max_z_z_sum":27.77347482500232,"max_ap_aidc":13.464547210014306,"max_aidc_z_sum":27.838774335272017,"max_aidc_upp_ap":0.46566964750897805,"m":159,"max_aidc_upp_ad":0.823711985301678,"max_ad_lin":0.8372419568889494,"max_ad_aidc":13.13076024311133,"init_z_sum":26.885866414945397,"n":62,"max_aidc_upp_r_size":3910,"model":"WC","max_aci_ap":0.4507123476554638,"max_ad_time":0.004269123077392578,"max_aidc_upp_aidc":13.757560101430512,"max_aci_time":0.04222989082336426,"max_aidc_upp_z_sum":27.80336417762523,"max_aci_lin":2.9408129210365392,"max_aci_r_size":1940,"max_z_aci":2.8813131017984768,"max_ad_r_size":609,"max_aidc_lin":13.745454219895024,"max_ap_lin":0.4681519788370284,"max_aidc_upp_time":0.02632904052734375,"max_z_lin":27.755003552810148,"max_aidc_ad":0.8233460838223587,"max_aci_aci":2.9431296060099,"k_par":"0.005","max_aci_ad":0.8301912788397767,"init_aidc":12.924390797330684,"max_ap_aci":2.922284007562935,"init_ap":0.4469130124243521,"max_aidc_aci":2.8762870813984294,"max_ap_r_size":689,"max_z_time":0.5515310764312744,"max_ap_ap":0.4836986429382779,"max_ap_ad":0.844164280756039,"max_aci_z_sum":26.9858664149454,"max_aci_aidc":13.026661546082371,"max_aidc_upp_aci":2.8767145625039543,"max_z_ad":0.8257783648330249,"max_z_r_size":3144,"max_z_ap":0.4663607088442129,"max_aidc_upp_lin":13.83847573302271}
{"init_ad":92.2277025478774,"max_ad_z_sum":2544.342345918964,"max_ap_time":62.48338079452515,"max_z_aidc":1574.2229993706599,"max_ap_z_sum":2556.3745856157757,"max_aidc_aidc":1575.1652250221596,"max_aidc_time":66.2768988609314,"max_aidc_ap":92.52831874021487,"init_aci":144.06353899512672,"max_ad_ad":93.77318856360596,"s_dist":"Uniform","max_ad_aci":144.74771725319425,"name":"Erdos992","max_aidc_r_size":998201,"max_ad_ap":96.8774535757172,"k":25,"max_z_z_sum":2634.4969953506406,"max_ap_aidc":1502.678688054912,"max_aidc_z_sum":2635.164642550145,"max_aidc_upp_ap":92.53071456100739,"m":7428,"max_aidc_upp_ad":91.30092614564121,"max_ad_lin":93.31968493820598,"max_ad_aidc":1487.7209510788623,"init_z_sum":2504.9841589107223,"n":4991,"max_aidc_upp_r_size":998201,"model":"WC","max_aci_ap":93.15989702665178,"max_ad_time":60.6374089717865,"max_aidc_upp_aidc":1575.629931005152,"max_aci_time":69.38854312896729,"max_aidc_upp_z_sum":2635.6147892426916,"max_aci_lin":145.4252617035145,"max_aci_r_size":998201,"max_z_aci":142.17390989577734,"max_ad_r_size":998201,"max_aidc_lin":1569.1707518877392,"max_ap_lin":97.82323684808891,"max_aidc_upp_time":61.87467098236084,"max_z_lin":2634.441144419019,"max_aidc_ad":91.3140013697481,"max_aci_aci":145.5983704071389,"k_par":"0.005","max_aci_ad":92.85753853742865,"init_aidc":1441.845564739989,"max_ap_aci":143.77024444789143,"init_ap":92.36569998385578,"max_aidc_aci":142.11470450637418,"max_ap_r_size":998201,"max_z_time":5.544481992721558,"max_ap_ap":99.96902726496474,"max_ap_ad":93.34261927505642,"max_aci_z_sum":2521.3043104257786,"max_aci_aidc":1459.7051244287768,"max_aidc_upp_aci":142.13683082812477,"max_z_ad":91.28093961724885,"max_z_r_size":63333,"max_z_ap":92.32409743971284,"max_aidc_upp_lin":1581.9749852119685}
{"init_ad":55.06126193284,"max_ad_z_sum":2081.6450006742334,"max_ap_time":55.535195112228394,"max_z_aidc":1173.468783823075,"max_ap_z_sum":2089.1347925985583,"max_aidc_aidc":1173.7067629431447,"max_aidc_time":16.422733068466187,"max_aidc_ap":46.09010887212989,"init_aci":191.66432904813658,"max_ad_ad":55.97160633746553,"s_dist":"Uniform","max_ad_aci":192.47750228509955,"name":"GrQc","max_aidc_r_size":222337,"max_ad_ap":46.96243696488226,"k":21,"max_z_z_sum":2111.4494876888775,"max_ap_aidc":1153.251867960748,"max_aidc_z_sum":2111.6710828527002,"max_aidc_upp_ap":46.24445549102172,"m":13422,"max_aidc_upp_ad":55.23417390647504,"max_ad_lin":55.836415105248406,"max_ad_aidc":1145.0807387428833,"init_z_sum":2067.71876783917,"n":4158,"max_aidc_upp_r_size":831601,"model":"WC","max_aci_ap":45.85103094112676,"max_ad_time":54.26769995689392,"max_aidc_upp_aidc":1173.5144673779378,"max_aci_time":60.46645188331604,"max_aidc_upp_z_sum":2111.2851389287416,"max_aci_lin":193.2041113268622,"max_aci_r_size":831601,"max_z_aci":191.03723447347804,"max_ad_r_size":818817,"max_aidc_lin":1172.787811421719,"max_ap_lin":47.54475379115763,"max_aidc_upp_time":58.502808809280396,"max_z_lin":2111.502732631575,"max_aidc_ad":55.18883433800491,"max_aci_aci":193.28859836948322,"k_par":"0.005","max_aci_ad":55.36261250642537,"init_aidc":1128.764672746703,"max_ap_aci":191.49701600550162,"init_ap":45.45402574014533,"max_aidc_aci":191.07433058997077,"max_ap_r_size":831601,"max_z_time":10.93881893157959,"max_ap_ap":47.916561285827676,"max_ap_ad":55.67577523758309,"max_aci_z_sum":2077.399170955208,"max_aci_aidc":1139.113435660564,"max_aidc_upp_aci":191.0618416192477,"max_z_ad":55.19503483829076,"max_z_r_size":134616,"max_z_ap":46.07101671109982,"max_aidc_upp_lin":1177.0885914555693}
{"init_ad":4.613063469333989,"max_ad_z_sum":190.93772935770565,"max_ap_time":0.20691585540771484,"max_z_aidc":109.03131638776958,"max_ap_z_sum":191.27028065395444,"max_aidc_aidc":109.03022394208654,"max_aidc_time":0.6440858840942383,"max_aidc_ap":3.355370334828127,"init_aci":17.500329324441157,"max_ad_ad":4.650306679213862,"s_dist":"Uniform","max_ad_aci":17.57489437768783,"name":"Netscience","max_aidc_r_size":59042,"max_ad_ap":3.287601919815845,"k":2,"max_z_z_sum":195.7193326176951,"max_ap_aidc":104.6187278119972,"max_aidc_z_sum":195.7142989922058,"max_aidc_upp_ap":3.357455378420374,"m":914,"max_aidc_upp_ad":4.606626263362851,"max_ad_lin":4.652714975440919,"max_ad_aidc":104.13109129547257,"init_z_sum":190.62143976494545,"n":379,"max_aidc_upp_r_size":62867,"model":"WC","max_aci_ap":3.197594801232988,"max_ad_time":0.10695791244506836,"max_aidc_upp_aidc":109.06225779143256,"max_aci_time":0.3859059810638428,"max_aidc_upp_z_sum":195.7452647150808,"max_aci_lin":17.65947461133915,"max_aci_r_size":32878,"max_z_aci":17.416361747259312,"max_ad_r_size":8685,"max_aidc_lin":108.90631947441024,"max_ap_lin":3.4490395163427943,"max_aidc_upp_time":0.7244880199432373,"max_z_lin":195.82071813919893,"max_aidc_ad":4.60866123144749,"max_aci_aci":17.642364457847357,"k_par":"0.005","max_aci_ad":4.615834032699093,"init_aidc":103.74900744372412,"max_ap_aci":17.421426560663733,"init_ap":3.2611857360416168,"max_aidc_aci":17.42709175801755,"max_ap_r_size":17706,"max_z_time":1.004472017288208,"max_ap_ap":3.4555932439983703,"max_ap_ad":4.634585002491513,"max_aci_z_sum":191.52513550734082,"max_aci_aidc":104.59938595006274,"max_aidc_upp_aci":17.419185511240745,"max_z_ad":4.60617493426244,"max_z_r_size":38250,"max_z_ap":3.35374887177694,"max_aidc_upp_lin":109.27708889994882}
{"init_ad":4.343165951918279,"max_ad_z_sum":477.7960564427899,"max_ap_time":2.899764060974121,"max_z_aidc":256.1530986701755,"max_ap_z_sum":477.14437210916583,"max_aidc_aidc":256.1306641571925,"max_aidc_time":9.96746277809143,"max_aidc_ap":1.3515641405866594,"init_aci":69.17889817975995,"max_ad_ad":4.472790626069484,"s_dist":"Uniform","max_ad_aci":69.32168332153036,"name":"Reed98","max_aidc_r_size":192401,"max_ad_ap":1.5103198596298493,"k":5,"max_z_z_sum":490.89802384344955,"max_ap_aidc":242.64339224325346,"max_aidc_z_sum":490.8756996966032,"max_aidc_upp_ap":1.3514875529136943,"m":18812,"max_aidc_upp_ad":4.3036005769051915,"max_ad_lin":4.464939680609263,"max_ad_aidc":243.28983798307817,"init_z_sum":475.67331145436856,"n":962,"max_aidc_upp_r_size":33259,"model":"WC","max_aci_ap":1.3822160376506964,"max_ad_time":2.6817729473114014,"max_aidc_upp_aidc":256.02897096706164,"max_aci_time":10.344310998916626,