{"init_ad":0.8186094637353022,"max_ad_z_sum":26.76294923743796,"max_ap_time":0.004730939865112305,"max_z_aidc":13.072808664666724,"max_ap_z_sum":26.773215503332143,"max_aidc_aidc":13.078315848983065,"max_aidc_time":0.0230100154876709,"max_aidc_ap":0.4556099517731319,"init_aci":2.882246573575806,"max_ad_ad":0.88688104825844,"s_dist":"Uniform","max_ad_aci":3.1528590488736734,"name":"Dolphin","max_aidc_r_size":3596,"max_ad_ap":0.4972312064293144,"k":1,"max_z_z_sum":27.020938989117134,"max_ap_aidc":12.945116817960708,"max_aidc_z_sum":27.02592335707027,"max_aidc_upp_ap":0.4798465212619223,"m":159,"max_aidc_upp_ad":0.8682155260360628,"max_ad_lin":0.8889391008672368,"max_ad_aidc":12.936619533785041,"init_z_sum":26.885866414945397,"n":62,"max_aidc_upp_r_size":3910,"model":"WC","max_aci_ap":0.4960408809947514,"max_ad_time":0.004185914993286133,"max_aidc_upp_aidc":13.090367014927757,"max_aci_time":0.013447999954223633,"max_aidc_upp_z_sum":26.981899623565766,"max_aci_lin":3.1446710653811945,"max_aci_r_size":1940,"max_z_aci":2.9642518910830833,"max_ad_r_size":461,"max_aidc_lin":13.066007092881584,"max_ap_lin":0.503567218672424,"max_aidc_upp_time":0.024966001510620117,"max_z_lin":27.041741768822963,"max_aidc_ad":0.8420520459425094,"max_aci_aci":3.150285428207795,"k_par":"0.005","max_aci_ad":0.8858750003400788,"init_aidc":12.924390371691372,"max_ap_aci":3.1569893577399895,"init_ap":0.4469130121402237,"max_aidc_aci":2.967021356179479,"max_ap_r_size":593,"max_z_time":0.7137570381164551,"max_ap_ap":0.4965428758940113,"max_ap_ad":0.8872019093932993,"max_aci_z_sum":26.771769567031484,"max_aci_aidc":12.942039237205298,"max_aidc_upp_aci":3.0240184778312793,"max_z_ad":0.8412007684072604,"max_z_r_size":3144,"max_z_ap":0.45529917034146083,"max_aidc_upp_lin":13.133731434064364}
{"init_ad":92.22770251375829,"max_ad_z_sum":2504.738503205041,"max_ap_time":61.336256980895996,"max_z_aidc":1474.6279375944405,"max_ap_z_sum":2504.3092320858404,"max_aidc_aidc":1477.7166376550879,"max_aidc_time":63.11370301246643,"max_aidc_ap":102.31310786102503,"init_aci":144.06367192567353,"max_ad_ad":105.84201308772282,"s_dist":"Uniform","max_ad_aci":166.9609681362952,"name":"Erdos992","max_aidc_r_size":998201,"max_ad_ap":105.36615091411215,"k":25,"max_z_z_sum":2523.0836532482763,"max_ap_aidc":1467.5920575465334,"max_aidc_z_sum":2521.5207283340624,"max_aidc_upp_ap":103.67444368847431,"m":7428,"max_aidc_upp_ad":103.34457414446368,"max_ad_lin":104.36781760941133,"max_ad_aidc":1468.213693734595,"init_z_sum":2504.9841589107223,"n":4991,"max_aidc_upp_r_size":998201,"model":"WC","max_aci_ap":105.05525272924547,"max_ad_time":61.70641589164734,"max_aidc_upp_aidc":1477.0878065493193,"max_aci_time":68.17779994010925,"max_aidc_upp_z_sum":2517.7199195544254,"max_aci_lin":164.69224478165577,"max_aci_r_size":998201,"max_z_aci":154.60071480578026,"max_ad_r_size":998201,"max_aidc_lin":1475.4950702741546,"max_ap_lin":104.06327904361292,"max_aidc_upp_time":62.84036183357239,"max_z_lin":2523.3860413228876,"max_aidc_ad":101.49715956689684,"max_aci_aci":167.0947726701426,"k_par":"0.005","max_aci_ad":105.59656320445548,"init_aidc":1441.8455526552887,"max_ap_aci":165.81351690119365,"init_ap":92.36570001797482,"max_aidc_aci":158.97125425111722,"max_ap_r_size":998201,"max_z_time":31.208504915237427,"max_ap_ap":105.5340945523246,"max_ap_ad":105.48321942789254,"max_aci_z_sum":2503.752697997019,"max_aci_aidc":1466.668149140809,"max_aidc_upp_aci":162.460310816202,"max_z_ad":98.96401933051887,"max_z_r_size":433998,"max_z_ap":100.17785310612189,"max_aidc_upp_lin":1484.2119624008933}
{"init_ad":55.061261884501505,"max_ad_z_sum":2068.689304850366,"max_ap_time":55.83445620536804,"max_z_aidc":1140.303471968517,"max_ap_z_sum":2066.8770072331354,"max_aidc_aidc":1141.0106647780076,"max_aidc_time":59.95467185974121,"max_aidc_ap":47.78429917195043,"init_aci":191.66424677642019,"max_ad_ad":58.37857105037278,"s_dist":"Uniform","max_ad_aci":203.09343231435813,"name":"GrQc","max_aidc_r_size":831601,"max_ad_ap":47.82995162319451,"k":21,"max_z_z_sum":2075.6701842959396,"max_ap_aidc":1133.3922948551585,"max_aidc_z_sum":2075.4530834272455,"max_aidc_upp_ap":47.67419478428157,"m":13422,"max_aidc_upp_ad":57.42015092581604,"max_ad_lin":58.08698343148086,"max_ad_aidc":1135.4234228181456,"init_z_sum":2067.71876783917,"n":4158,"max_aidc_upp_r_size":831601,"model":"WC","max_aci_ap":47.29794181906122,"max_ad_time":47.91792702674866,"max_aidc_upp_aidc":1140.9052410167271,"max_aci_time":54.96286988258362,"max_aidc_upp_z_sum":2075.307605088655,"max_aci_lin":203.22671098670037,"max_aci_r_size":831601,"max_z_aci":196.92617314947336,"max_ad_r_size":724892,"max_aidc_lin":1140.5865840304236,"max_ap_lin":48.210610820354134,"max_aidc_upp_time":58.59107184410095,"max_z_lin":2075.9177585888497,"max_aidc_ad":57.27024095803649,"max_aci_aci":204.16477006749997,"k_par":"0.005","max_aci_ad":57.93356849964325,"init_aidc":1128.764681806897,"max_ap_aci":198.57826176440864,"init_ap":45.45402578848395,"max_aidc_aci":198.21083093319928,"max_ap_r_size":831601,"max_z_time":63.00013089179993,"max_ap_ap":48.46405447487328,"max_ap_ad":57.515875770787744,"max_aci_z_sum":2067.783759114307,"max_aci_aidc":1133.5455559494449,"max_aidc_upp_aci":198.91706720566012,"max_z_ad":56.80048625618841,"max_z_r_size":831601,"max_z_ap":47.3301349806607,"max_aidc_upp_lin":1143.3898346362832}
{"init_ad":4.613063473370844,"max_ad_z_sum":190.12747057137807,"max_ap_time":0.2000119686126709,"max_z_aidc":104.81504143662411,"max_ap_z_sum":190.09567227072583,"max_aidc_aidc":104.84465694806855,"max_aidc_time":0.6661510467529297,"max_aidc_ap":3.4840851795431846,"init_aci":17.500328084638614,"max_ad_ad":5.003153544641554,"s_dist":"Uniform","max_ad_aci":18.748198351470595,"name":"Netscience","max_aidc_r_size":59042,"max_ad_ap":3.516509823941764,"k":2,"max_z_z_sum":191.39977547784164,"max_ap_aidc":103.87564635475626,"max_aidc_z_sum":191.25844792423794,"max_aidc_upp_ap":3.4920289447738044,"m":914,"max_aidc_upp_ad":4.85412382673923,"max_ad_lin":4.96279076924792,"max_ad_aidc":103.8981729803272,"init_z_sum":190.62143976494545,"n":379,"max_aidc_upp_r_size":62867,"model":"WC","max_aci_ap":3.496471413880874,"max_ad_time":0.09907293319702148,"max_aidc_upp_aidc":104.84317382707253,"max_aci_time":0.3347508907318115,"max_aidc_upp_z_sum":191.239042133891,"max_aci_lin":18.76891189576875,"max_aci_r_size":28893,"max_z_aci":17.886607560660487,"max_ad_r_size":7446,"max_aidc_lin":104.88333014853293,"max_ap_lin":3.4977376856435805,"max_aidc_upp_time":0.7361350059509277,"max_z_lin":191.43375702842417,"max_aidc_ad":4.8439650053897205,"max_aci_aci":18.92939981105763,"k_par":"0.005","max_aci_ad":4.996930715855517,"init_aidc":103.74900750183596,"max_ap_aci":18.75059570646451,"init_ap":3.26118573200473,"max_aidc_aci":18.447628117435986,"max_ap_r_size":17706,"max_z_time":1.1553518772125244,"max_ap_ap":3.521595409101199,"max_ap_ad":5.0074417438483385,"max_aci_z_sum":190.29180698183535,"max_aci_aidc":104.03686245403478,"max_aidc_upp_aci":18.47576873413948,"max_z_ad":4.730592689390478,"max_z_r_size":38250,"max_z_ap":3.425149798425204,"max_aidc_upp_lin":105.22179480559136}
{"init_ad":4.343165950813346,"max_ad_z_sum":474.4237561355801,"max_ap_time":2.5705580711364746,"max_z_aidc":242.13644847148873,"max_ap_z_sum":474.8370734795734,"max_aidc_aidc":242.09642843979034,"max_aidc_time":10.024106979370117,"max_aidc_ap":1.4349194004758725,"init_aci":69.17888848467427,"max_ad_ad":4.743258876551538,"s_dist":"Uniform","max_ad_aci":74.79822250030564,"name":"Reed98","max_aidc_r_size":192401,"max_ad_ap":1.5380297740322184,"k":5,"max_z_z_sum":476.7293048465957,"max_ap_aidc":240.687269470585,"max_aidc_z_sum":476.7027962764484,"max_aidc_upp_ap":1.468133772789788,"m":18812,"max_aidc_upp_ad":4.499397547712427,"max_ad_lin":4.707868048323415,"max_ad_aidc":240.25000043560132,"init_z_sum":475.67331145436856,"n":962,"max_aidc_upp_r_size":192401,"model":"WC","max_aci_ap":1.5079950526831847,"max_ad_time":2.0983898639678955,"max_aidc_upp_aidc":242.10133647198413,